{"cameraMode":{"drawMode":0,"name":"Shaded","section":"Shading Mode"},"sceneLighting":true,"audioPlay":false,"sceneViewState":{"m_AlwaysRefresh":false,"showFog":true,"showSkybox":true,"showFlares":true,"showImageEffects":true,"showParticleSystems":true,"showVisualEffectGraphs":true,"m_FxEnabled":true},"in2DMode":false,"pivot":{"x":0.16225925087928773,"y":1.258824110031128,"z":-2.045210838317871},"rotation":{"x":0.003894282039254904,"y":0.9956991076469421,"z":-0.07813272625207901,"w":0.04962770640850067},"size":1.2299550771713257,"orthographic":false}